123456,IMT2641,B
123456,SMF2293F,F
123456,IMT2671,F
123456,IMT1101,F
123456,IMT1292,C
234567,IMT2641,A
234567,SMF2293F,A
234567,IMT3009,C
234567,TPD4167,D
113456,IMT1101,F
113456,SMF2293F,B
113456,IMT2641,C
113456,IMT3009,D
113456,IMT1292,B
239009,IMT1101,A
239009,SMF2293F,B
239009,IMT2641,A
239009,IMT3009,F
239009,IMT1292,A
