IMT2641,1559585940,Spring,"Vetle Hvasnakk",5
SMF2293F,1559585940,Winter,"Vilde Vårstad",10
IMT2671,1559585940,Autumn,"Vetle Hvasnakk",7
IMT1101,1559585940,Spring,"Henrik Range",5
IMT1292,1559585940,Winter,"Kåre King",10
IMT3009,1559585940,Autumn,"Harald Hard",7
TPD4167,1559585940,Spring,"Vetle Hvasnakk",5
